,thickness,TransportTimeAfterHeating,EnforcedTemperatureOfEntireSheet,QuenchingTimeInTool,QuenchingForce,spacing,DefaultToolTemperature,HARDNESS P1,THICKNESS P2
1,1.55,25.0,950.0,10.0,2000000.0,2.0,300.0,441.3333,1.5205
2,1.4562,20.9977,933.9074,3.9365,573138.1455,0.1118,123.95200000000001,419.0,1.4316
3,1.4669,14.6942,946.7911,9.992,1861852.386,1.6379,283.7022,459.3333,1.4378
4,1.4515,21.0006,946.8939999999999,5.156000000000001,683403.1477,0.6454,160.9714,429.3333,1.429
5,1.4699,22.6112,939.335,5.406000000000001,1021667.816,1.173,283.0386,427.6667,1.4469
6,1.4807,10.5552,905.9956,6.9354,889988.3147,1.4784,136.9674,467.6667,1.4521
7,1.5408,20.1242,938.2289999999999,4.7603,1593742.5393,1.7189,236.5514,406.6667,1.5114
8,1.4725,12.7892,926.5608,4.2173,730675.5895,0.2848,190.3911,464.6667,1.445
9,1.4995,15.34,922.6573,9.9205,1702510.86,1.3844,88.8173,444.3333,1.4694
10,1.4742,22.5841,938.0031,4.4956,1294512.8049,1.1079,285.8241,406.6667,1.4502
11,1.4501,16.7884,927.4854,3.6168,629692.5839,1.9316,120.3779,425.3333,1.4277
14,1.5161,24.4135,933.9015,2.4464,1887360.0758,0.1952,243.0236,394.3333,1.4863
17,1.5308,20.2945,908.992,9.2159,1624266.7827,1.0390000000000001,273.8349,388.0,1.5026
19,1.4715,18.3838,901.3014,3.0364,1736302.1834,0.1685,132.3427,395.0,1.4443
20,1.4962,23.0464,926.6844,4.2855,1299418.8395,0.6529,220.5773,392.3333,1.4709999999999999
21,1.5406,14.9048,900.1225,7.8415,798533.8801,1.2226,257.5257,398.0,1.5098
23,1.4784,14.7331,933.7001,6.5338,1322396.3794,1.3338,299.7795,438.0,1.4505
24,1.4927,24.393,941.9637,6.2148,1824160.2604,0.9643,195.4047,418.6667,1.4674
26,1.5318,12.5657,902.3399,2.2559,1404459.6878,0.1819,187.245,442.6667,1.4951
28,1.5417,21.6133,925.1454,6.3088,1727526.3681,0.4779,122.7466,410.3333,1.5133
29,1.5196,12.2532,904.5569,3.0244,939466.8458,1.9504,252.2182,438.6667,1.4909
30,1.5258,17.8687,913.2214,8.2756,886969.6536,1.4929,132.1735,400.0,1.4997
31,1.4877,12.9293,908.9745,9.0857,1198629.1367,0.9959,82.5441,452.0,1.459
32,1.4654,11.0001,933.4646,9.0734,1226156.2803,1.9392,273.0055,464.3333,1.4368
33,1.4533,19.3102,942.3732,5.1707,1133665.2622,0.1266,146.2604,420.6667,1.4284
34,1.5072,21.9919,938.7006,3.9588,1610096.1355,1.0949,164.4867,418.0,1.4821
35,1.5066,22.0668,917.0007,6.3676,1417705.3256,1.4645,245.053,387.6667,1.4792
36,1.4678,16.9967,931.643,8.669,697601.5434,0.4756,281.3572,411.6667,1.4421
37,1.5276,21.014,934.1502,7.1679,863068.9742,0.7137,141.1565,423.3333,1.5007
39,1.5393,24.3359,932.7441,6.5047,1212836.7225,1.5025,274.2557,390.0,1.5117
40,1.5036,15.9914,911.7657,3.6955,1701102.2593,1.3083,201.0104,415.3333,1.4772
41,1.5174,12.975,902.4003,9.9038,1649395.5862,0.2122,189.7584,440.6667,1.485
42,1.484,23.4512,922.2423,6.1637,809567.5896,1.5556,255.6027,386.6667,1.4593
43,1.4754,12.0157,926.5798,4.7201,1263040.1274,1.4263,182.1809,473.0,1.4486
44,1.4789,23.4699,909.1981,7.4051,1659687.6385,1.4674,237.601,360.3333,1.4531
46,1.5471,15.4009,900.8147,4.1777,545129.3359,1.5028,278.7484,385.6667,1.5166
47,1.5248,10.2854,926.2685,6.1467,695865.4328,1.8041,113.7316,477.0,1.4912
48,1.4913,15.5335,924.1884,2.3929,1944902.9538,0.8626,89.7292,443.6667,1.4632
49,1.5162,24.4894,934.2597,5.1049,527000.8138,1.821,186.4962,391.3333,1.4893
52,1.472,10.5287,902.1399,7.2431,856495.6635,0.6168,260.4179,444.3333,1.4443
53,1.5344,20.9425,927.3722,9.4948,1806197.6176,0.1565,254.2922,411.0,1.5033
55,1.4928,23.6043,931.6823,4.1037,1205803.8423,0.3539,146.753,397.3333,1.4668
56,1.4652,17.4367,938.8638,3.5565,1713581.9309999999,1.3257,160.3049,437.6667,1.4401
57,1.4689,16.0283,941.2106,4.3054,1296203.8805,0.2907,284.5557,441.0,1.4391
58,1.5397,10.3455,905.5242,4.788,1781721.9029,1.4453,114.3582,474.6667,1.5052
60,1.4572,23.8438,922.8329,8.6351,1304219.312,0.7498,179.0675,380.6667,1.4342
61,1.5172,19.5026,936.4528,3.0027,861710.5268,1.7709,154.1412,413.6667,1.4932
62,1.4633,15.6115,949.2488,8.8723,531595.9752,1.1999,272.4293,450.6667,1.4388
63,1.5277,24.5195,930.821,2.77,930404.0317,0.3371,214.4013,388.3333,1.4974
64,1.5179,20.02,910.6634,4.8957,557667.9145,1.4471,124.1337,396.0,1.4932
65,1.4548,18.7732,913.7968,8.1539,1561299.2541,1.6714,133.3072,412.0,1.4323
66,1.47,18.5123,935.0538,7.7201,1985741.3367,1.0734,111.4882,422.3333,1.4466
67,1.5409,15.5559,921.3245,8.8093,1399705.3186,0.6602,86.1769,442.6667,1.5119999999999998
68,1.4592,18.9227,908.2976,5.7322,754516.6123,1.0183,250.7411,394.0,1.4362
69,1.4583,11.5463,902.3058,9.6186,1135381.8044,1.4777,217.7133,448.6667,1.4339
71,1.4614,18.1629,909.5853,9.5112,767895.285,0.7194,134.0669,410.3333,1.4378
72,1.5024,16.864,904.3127,5.8561,880920.7205,1.1528,269.6905,408.0,1.4762
73,1.4848,17.0872,902.0827,2.9781,1740313.8833,0.4606,117.4457,411.0,1.4583
74,1.4692,24.5411,906.85,6.2114,991994.872,0.9043,86.8021,366.0,1.4443
75,1.5265,17.8198,902.9036,5.6895,945702.0906,1.5082,241.3962,400.3333,1.4987
76,1.4969999999999999,13.7772,917.2869999999999,4.0222,1175297.7586,0.1209,172.2565,451.0,1.4678
77,1.5424,11.0642,937.0047,4.0867,677259.0245,0.767,97.5658,483.6667,1.5081
78,1.4634,20.4714,947.4426,2.5366,545812.9436,1.9265,166.613,419.6667,1.443
79,1.5136,11.7911,944.0572,7.4483,554726.5991,0.1046,89.5618,486.0,1.474
80,1.4946,24.0525,913.6559,9.1822,627783.3188,0.4033,165.3559,386.3333,1.4684
81,1.4706,19.2843,903.5142,5.6255,1766730.8414,1.9632,106.8486,391.0,1.4463
82,1.4892,11.9053,920.8679,5.2004,1636333.5013,0.9525,201.2441,468.0,1.4609
83,1.4568,24.7296,933.7503,8.243,1139424.0329,0.9952,216.1266,386.6667,1.4339
84,1.5383,14.0479,941.6237,9.9637,1571207.313,0.5748,191.7177,474.6667,1.5068
85,1.5055,18.3063,945.158,8.2907,1752560.5761,0.3114,93.8827,441.6667,1.4785
86,1.5038,17.5204,904.9971,7.5443,1137105.83,1.4289,283.4414,405.0,1.4759
87,1.5354,23.896,935.5513,4.0312,1332759.1032,0.5995,120.4951,403.6667,1.5085
88,1.5226,15.3556,935.8038,7.3063,1221623.2779,1.9695,120.99700000000001,461.0,1.4948
89,1.5291,10.7162,923.1093,6.7114,1966301.6823,1.1122,89.0596,485.6667,1.4945
90,1.4837,17.7398,932.676,4.2716,1849560.8033,1.2447,98.3073,429.0,1.4580000000000002
91,1.5259,14.8449,936.1447,8.3007,1184462.6192,0.9135,294.0293,444.3333,1.4935
92,1.5125,19.7195,911.8489,2.7327,1402085.8757,0.9583,152.82,403.0,1.4867
93,1.5192,17.8045,900.801,9.6014,1073964.7865,1.556,230.0427,398.0,1.4919
94,1.4619,19.0459,909.2537,3.3786,672079.7823,1.3369,95.4479,402.0,1.4398
97,1.5477,21.0712,919.0204,6.7464,1837557.5835,0.6719,248.2889,400.0,1.5173
98,1.517,21.5078,937.5574,7.8167,966446.4832,1.3628,294.4928,414.3333,1.4902
99,1.4854,16.5458,916.0986,3.9781,623059.3937,1.4429,144.6615,413.6667,1.4632
100,1.5294,13.8374,943.5905,5.5101,1029509.9587,0.9732,225.8581,473.6667,1.4967
101,1.4513,12.5897,945.7422,3.6074,1676485.7828,0.1722,200.3969,482.6667,1.4199
102,1.4709999999999999,14.6412,931.9495,8.8538,1583146.543,1.9809,165.5939,458.0,1.445
103,1.4711,11.7787,905.6535,6.0778,1655033.7049,0.5062,98.6572,458.0,1.4398
104,1.4958,10.6613,906.7294,6.0629,1156142.0769,1.5954,297.3549,430.0,1.4648
105,1.49,16.9811,943.431,6.8932,1793439.8463,1.1248,265.8915,439.6667,1.4622
106,1.5073,21.0987,944.9491,4.0126,681297.2981,0.3678,118.9951,421.6667,1.4814
107,1.545,16.6282,902.7612,9.7414,988973.9968,0.5007,112.7205,420.3333,1.5166
108,1.5409,20.41,929.5311,2.4967,726210.913,1.9372,88.4429,424.0,1.5166
110,1.4791,23.9776,930.8466,9.3424,1354591.1255,0.9455,261.9387,387.3333,1.4525
111,1.5323,18.399,911.4022,8.0369,1410462.7121,1.6544,160.7511,415.3333,1.5046
112,1.5058,19.338,934.7529,7.4863,930148.7779999999,0.2575,112.1262,413.3333,1.4785
113,1.5122,17.2068,938.5113,4.1585,1981542.8722,1.2385,144.8908,443.3333,1.4847
114,1.456,24.2592,939.5116,8.7808,626170.1453,0.2977,261.7583,410.3333,1.432
115,1.5333,18.2188,941.0502,5.6816,539014.1186,1.5254,162.5695,432.0,1.5062
116,1.4994,24.1233,903.8327,5.4768,1489799.5145,0.9116,178.4802,346.3333,1.4743
117,1.5468,11.308,947.3935,3.2825,846734.3629,1.807,180.9619,484.0,1.5182
118,1.537,21.2868,919.3526,8.6657,582561.7026,1.6565,295.409,390.6667,1.5091
119,1.5121,22.6639,923.8394,4.8197,505482.3414,0.6032,210.4577,390.0,1.4857
120,1.4506,13.7475,934.9121,8.7209,1440711.6896,0.3065,240.1275,461.6667,1.4229
121,1.4657,22.0915,906.6343,2.6066,1628335.1758,0.2728,136.7428,369.3333,1.4398
122,1.4961,19.2731,909.2917,9.9681,1753751.2246,0.2467,202.7824,400.0,1.4648
123,1.4821,12.8724,907.42,8.3658,510510.2495,0.5806,272.01599999999996,426.3333,1.4531
124,1.5392,18.2552,922.7244,6.8681,906649.3669,0.3298,81.9806,411.0,1.5081
125,1.5069,23.2898,935.6986,3.5077,709771.071,1.3525,267.6603,400.0,1.4808
127,1.4744,24.6846,909.8538,3.4878,780422.1617,0.6434,149.0715,380.0,1.4508
128,1.4764,15.6982,928.0368,7.4803,965988.2216,1.7481,297.79400000000004,423.0,1.4521
129,1.5441,22.2367,932.0303,9.8316,1588053.6914,1.2132,245.2397,410.3333,1.516
130,1.4863,11.0226,936.5085,8.4883,1885180.7946,1.0875,119.7638,486.6667,1.4544
131,1.4896,19.4319,915.3483,7.2524,1508010.2035,1.0931,171.8031,409.0,1.4645
133,1.536,14.1543,927.1315,6.7372,877962.6634,0.3723,138.9191,461.0,1.5055
134,1.4842,24.4022,943.8823,5.5497,1605058.5641,1.014,189.1279,421.3333,1.4596
136,1.4649,21.663,943.9776,9.5676,657788.6426,1.6407,298.7558,415.6667,1.4408
137,1.4982,24.4738,936.8124,7.1358,1963400.5491,0.6285,110.615,399.0,1.4701
138,1.531,16.1511,911.6304,6.5996,1153252.9304,1.3489,234.2326,410.3333,1.5019999999999998
139,1.4814,24.3454,906.9549,6.0886,1524318.3327,1.9867,269.3006,374.6667,1.4554
140,1.5171,24.1446,914.8173,8.7436,1099639.4214,1.6462,90.1314,391.3333,1.4886
142,1.5037,13.4919,943.5496,3.9105,1674181.5181,1.4355,209.7077,477.3333,1.4749
143,1.5365,12.7129,912.8252,5.0412,1323660.7528,1.7278,263.1235,446.6667,1.5049
144,1.4663,22.475,936.1075,5.819,591514.9986,1.5324,169.6292,408.3333,1.4437
145,1.4907,18.4781,947.1004,7.6164,1894324.7228,0.6185,120.7148,441.3333,1.4645
146,1.4539,11.4101,948.698,3.6224,568143.3464,0.7442,157.6715,485.3333,1.4242
147,1.5351,18.0491,901.1449,3.0952,645000.4445,0.3161,211.2997,395.6667,1.5033
148,1.4576,16.1207,921.8969999999999,4.6123,1860993.8965,1.8259,253.8542,419.3333,1.4316
149,1.5134,12.4305,939.5833,9.2933,680364.8203,0.7042,130.9356,481.0,1.4818
150,1.5278,13.4583,938.732,5.4646,999498.6462,0.8412,268.1125,464.6667,1.4958
151,1.5257,16.3991,911.3369,9.7999,883771.3936,0.1831,193.3757,408.3333,1.4925
152,1.5238,22.4474,919.9289,5.9976,1347339.5441,0.11900000000000001,122.5076,393.3333,1.4925
153,1.5499,15.055,900.7403,7.1519,1105060.1271,0.2036,196.8829,411.6667,1.5127
154,1.5434,18.6534,934.9012,2.5603,1896215.3045,0.1771,263.5587,411.3333,1.5081
155,1.5141,22.639,915.8034,8.3296,1583290.376,0.7321,208.1016,381.6667,1.4883
156,1.5229,22.1527,917.4502,2.4022,1682801.1014,1.8836,81.6458,394.0,1.4984
157,1.5052,18.788,914.9174,7.352,593438.3428,1.0013,203.8933,410.0,1.4792
158,1.5211,24.6835,944.2093,4.7789,1946941.4149,0.9184,259.1125,428.3333,1.4951
159,1.4556,12.8179,902.2038,4.0816,1542612.8098,1.354,287.8092,421.3333,1.43
161,1.4798,12.66,934.4512,5.1379,1818068.0259999998,0.9247,238.8465,470.0,1.4486
162,1.5319999999999998,12.6149,917.9005,2.5397,967920.9683,1.8575,144.2141,464.6667,1.5019999999999998
163,1.4858,18.4381,936.6542,9.2316,944992.5532,1.828,85.9562,428.0,1.4606
165,1.5214,16.6842,906.7814,2.2485,1042748.5146,1.5651,228.0889,392.6667,1.4945
166,1.5467,10.9556,935.2354,7.6409,858165.9969,1.3216,84.4009,484.6667,1.5124
167,1.5151,16.9499,938.0158,8.9517,1088555.508,0.1427,231.5846,439.0,1.4805
168,1.5184,23.3364,918.4034,5.4693,1464707.7411,1.0276,198.1164,380.3333,1.4912
169,1.4948,20.2901,905.3951,5.287000000000001,617880.2617,0.5079,270.353,375.0,1.4691
170,1.4883,17.8881,949.405,7.705,1665843.4187,1.7855,242.2492,441.0,1.4609
171,1.5077,10.5233,907.4432,6.3614,1574572.6013,0.8901,195.8219,468.3333,1.4743
172,1.4909,11.5162,914.3963,7.1494,636580.3036,1.9125,235.1066,455.6667,1.4629
173,1.5483,13.8338,903.4888,8.9061,1032506.4468,1.2398,92.1131,438.3333,1.516
175,1.4712,14.1436,935.0003,2.4393,1107136.8312,1.6981,287.5862,439.6667,1.4469
176,1.4924,20.6355,916.1948,7.2793,1759675.0526,0.3567,121.2196,402.0,1.4655
177,1.4572,21.4142,948.4481,7.228,652479.5379,0.7517,138.4842,420.0,1.4352
178,1.469,21.1376,948.0462,6.7836,1461495.8054,1.1844,114.1739,425.6667,1.446
180,1.5005,16.9272,929.5953,4.5278,1036827.2940000001,1.9761,280.5946,417.6667,1.4753
181,1.5458,13.6323,947.7625,3.2036,1443876.9248,0.7118,278.2086,467.6667,1.5104
182,1.4959,15.01,939.8028,2.0801,1623609.3468,1.9216,136.3147,466.6667,1.4697
183,1.475,17.9399,912.6879,2.5987,803514.189,0.1157,113.4283,418.0,1.4502
185,1.4949,10.2253,913.7377,3.3525,1953399.0958,1.2570000000000001,135.499,479.6667,1.4635
186,1.5006,20.7272,939.0842,3.1608,776788.7522,1.2989,200.7298,414.3333,1.4766
187,1.5163,24.0117,931.0942,9.8739,1318466.3251,1.1161,92.4226,396.6667,1.4889
188,1.4778,13.4324,902.7567,5.2265,904731.4074,0.8525,198.043,430.6667,1.4535
189,1.5281,21.8528,913.1481,6.9512,1833952.9729,0.7479,112.2752,388.3333,1.5019999999999998
190,1.4772,14.9602,928.2939,5.8962,1712014.8744,0.6755,107.7507,453.3333,1.4486
193,1.5227,12.2164,938.4539,4.8301,1559096.9304,0.2817,105.9361,484.6667,1.4844
194,1.5175,11.5017,926.8554,4.2496,1472340.1896,0.5103,183.9254,478.6667,1.4827
195,1.4717,21.3854,911.7193,2.4796,751842.2958,1.1371,236.6935,386.3333,1.4489
196,1.5454,12.9354,949.1525,9.2833,1391195.9844,1.4168,134.6051,485.0,1.5101
197,1.4671,24.561,927.7351,7.5131,1247931.2872,1.5229,253.5447,391.0,1.4437
199,1.4936,20.2603,928.5964,4.5895,1543120.7452,1.8465,93.2966,423.0,1.4694
200,1.4764,11.3839,912.6908,7.624,1428395.479,1.9886,241.6087,458.6667,1.4492
202,1.5405,16.1079,911.9592,7.7555,1083579.6717,1.3045,119.1266,420.3333,1.5114
203,1.4928,19.941,912.4535,6.8004,1166014.3134,0.6928,205.7583,399.0,1.4665
205,1.4726,13.8756,949.449,8.9271,1548029.4731,1.122,244.005,474.0,1.4427
206,1.4551,11.8656,942.6016,3.1019,1127789.7751,1.7889,148.1847,484.3333,1.4274
207,1.4509,19.8548,921.395,7.997000000000001,933340.6836,0.6146,155.5025,411.0,1.4287
208,1.5390000000000001,13.8199,949.7532,2.0401,1268329.1926,0.2191,280.9971,444.3333,1.5029
209,1.4905,19.1786,934.0517,8.8425,1082052.3577,0.5505,149.7675,413.0,1.4661
210,1.4769999999999999,20.1673,914.1471,2.9219,1007094.3794,1.5436,198.6227,398.3333,1.4548
211,1.4588,14.4699,923.2658,6.7665,1055085.1748,0.4304,251.5307,439.6667,1.4313
212,1.4980000000000002,17.7541,913.4295,6.5977,1589843.4311,1.4148,187.7208,398.0,1.472
213,1.5114,11.9655,947.2097,5.7463,994865.3965,0.4503,280.3916,466.6667,1.4782
214,1.5395,15.3103,930.3454,9.5044,513208.1298,0.3054,155.0943,450.6667,1.5068
216,1.5134,16.4242,937.8786,2.6348,1899220.979,1.188,207.484,447.6667,1.4869999999999999
217,1.518,18.1191,933.8053,7.7128,1615408.6291,1.4997,110.7609,429.3333,1.4928
218,1.4795,15.5057,914.4955,9.3979,1483503.4333,0.2767,117.2849,427.6667,1.4521
219,1.5402,15.7229,948.1293,7.2382,1151988.7336,1.7871,125.9596,472.3333,1.514
220,1.4646,22.5659,942.1345,8.2399,654660.4088,1.1346,126.8323,425.0,1.443
222,1.4587,16.3466,914.1969,9.4467,1647808.1483,0.2027,236.0536,407.6667,1.4297
223,1.492,13.7029,918.2905,7.2879,1308645.628,1.8648,194.0173,452.3333,1.4658
224,1.5218,15.9703,939.9747,2.2163,1947442.2612,0.9232,131.205,460.3333,1.4945
225,1.4925,18.7556,944.7484,4.8884,1269068.6736,1.2799,251.1248,424.6667,1.4648
227,1.4822,20.5055,927.4127,4.5358,852476.6058,1.3673,142.6324,416.0,1.4596
228,1.5091,18.0565,931.4452,6.8442,1777834.0051,0.3932,199.2253,420.3333,1.4779
229,1.5492,23.9044,929.5464,5.2968,1930989.4067,0.3423,141.74200000000002,396.0,1.5192
230,1.5415,19.8526,915.0953,2.9489,584794.1889,1.7653,204.4968,404.0,1.5143
231,1.5471,23.5865,905.8154,9.0223,1873665.1484,1.5964,254.9479,353.6667,1.5179
233,1.5105,20.8161,903.5974,7.0355,1047387.7209,1.695,188.9925,374.3333,1.4847
234,1.4782,14.6,943.1416,8.6175,1828969.1257,0.7085,137.8525,471.6667,1.4508
235,1.5241,19.7496,927.5524,5.3664,759274.9959,1.7909,186.2074,414.0,1.4993
236,1.5358,21.8609,904.8607,9.4307,1901724.5746,0.9724,197.5561,368.3333,1.5072
237,1.4759,24.1733,939.0324,4.708,1084789.2081,1.8915,228.6661,397.6667,1.4528
238,1.5430000000000001,17.6672,948.5968,6.3181,1351724.5795,1.7738,159.2644,454.0,1.5153
239,1.5339,20.005,904.7427,8.6796,1364511.3961,1.7004,97.3664,389.3333,1.5085
240,1.4943,22.2722,934.7885,9.4393,980452.1922,1.8776,241.0444,406.6667,1.4691
241,1.5135,11.4833,932.5482,6.6171,1724702.7417,0.3651,274.4228,461.0,1.4766
242,1.4935,21.2171,924.283,6.6915,1375195.2305,0.8786,223.0623,405.6667,1.4678
243,1.5345,23.011999999999997,905.3127,4.8094,973953.1348,0.2217,175.7747,359.3333,1.5042
244,1.4508,19.2231,918.0008,7.2081,1024925.2881,0.3285,279.1034,405.6667,1.4268
246,1.4598,10.6314,940.6645,8.5793,1790981.1839,0.8332,83.0857,488.6667,1.4284
247,1.4816,20.5254,941.8004,6.3316,1581626.9916,0.978,105.7355,413.0,1.4577
248,1.4504,12.5362,903.4006,7.4001,1449657.6998,0.6509,149.9532,444.6667,1.4202
249,1.4518,17.7219,937.6957,7.8421,1807811.0128,0.1589,100.5517,434.6667,1.4245
250,1.5235,22.5947,925.533,8.8124,1839692.5882,0.9211,153.4361,399.0,1.4977
251,1.4898,11.078,917.4552,6.2317,1038692.6919,1.2712,276.0168,450.6667,1.4622
252,1.5388,11.1273,927.8863,4.9004,1482263.9612,1.037,202.9457,479.6667,1.5046
253,1.4967,17.4933,900.8778,9.7519,1870836.6528,1.2467,247.9386,400.0,1.4694
254,1.4762,12.0657,923.0178,9.8639,1316086.7849,1.3471,124.7317,471.6667,1.4473
255,1.453,19.0138,912.0969,4.6159,1956288.3571,1.0108,172.62900000000002,406.0,1.4294
256,1.4613,13.0743,928.1457,2.8211,1819914.2169,0.9987,137.2598,468.0,1.432
257,1.536,21.8937,930.0985,8.1289,1670278.392,1.3728,168.7595,411.0,1.5075
258,1.5375,20.6962,933.1997,2.1764,1846244.007,1.5581,215.0695,422.0,1.5094
260,1.4921,12.0559,914.5951,9.8797,1170792.7346,0.5119,172.7176,463.0,1.46
261,1.5421,13.0382,924.6764,7.4721,1327497.0428,1.45,283.9353,452.0,1.5088
262,1.5485,18.1469,901.1673,4.071000000000001,500245.8394,1.8146,298.1315,392.0,1.5189
263,1.4667,13.0229,933.5501,6.5572,1146369.7062,1.2835,284.2515,457.0,1.4375
264,1.4856,17.5376,907.7157,7.3031,826314.9506,0.2656,139.1592,414.6667,1.4569999999999999
265,1.4669999999999999,10.725999999999999,914.9998,8.5303,1754920.4455,1.692,193.80200000000002,471.3333,1.4365
266,1.4915,13.6712,946.4922,5.434,1013005.0388,1.2956,214.7918,476.6667,1.4632
268,1.4885,17.4751,940.9099,7.0002,1255596.2643,1.1541,183.5872,439.3333,1.4642
270,1.4641,18.9422,949.2988,7.8709,637438.2264,1.9353,261.4069,422.3333,1.443
271,1.5493,11.5661,938.2876,3.7030000000000003,1890245.1983,0.3328,196.6968,483.6667,1.5101
272,1.485,22.4351,923.66,7.3841,1913116.5226,0.253,238.428,392.0,1.4567
274,1.5356,24.2272,916.2992,2.9064,1897882.4739,1.5362,149.4012,393.3333,1.5085
275,1.5187,22.5616,930.2188,9.984,646605.5611,1.3425,282.2967,395.6667,1.4915
277,1.454,19.9188,931.2055,4.5680000000000005,1065592.2484,1.2512,226.4854,421.3333,1.4316
278,1.5469,24.594,928.4381,7.1917,765501.2993,0.8888,203.6555,392.0,1.5199
279,1.4986,23.9666,912.8530000000001,2.8178,984497.4185,1.0835,236.4337,387.0,1.4749
280,1.5486,24.85,931.3897,7.9149,1559268.8141,1.7157,285.2865,385.0,1.5166
282,1.5223,21.7732,920.5302,6.4105,826995.6956,1.8705,166.799,398.3333,1.4967
284,1.5490000000000002,24.7855,910.0822,7.0409,925953.58,1.5731,263.6939,364.3333,1.5208
285,1.4687,20.4411,913.5958,6.4306,805609.1927,1.8687,85.7298,399.6667,1.4463
286,1.4643,23.8581,947.3358,9.1026,1358128.6476,0.8208,286.6572,420.3333,1.4408
287,1.4898,20.8924,915.6911,8.9607,1800648.3454,0.6909,116.5289,400.6667,1.4648
288,1.5137,21.3134,901.9027,5.6088,542125.9962,1.8498,255.1765,359.3333,1.4867
289,1.5429,11.2822,906.1995,3.5371,564670.0497,1.8125,163.4906,460.6667,1.5133
291,1.4576,24.0831,920.0545,8.5182,1934904.5108,0.3027,108.9579,398.0,1.4313
292,1.5427,21.7917,945.3935,9.1002,1280805.5266,1.6451,138.1953,425.6667,1.5153
293,1.5352,18.000999999999998,906.4676,5.9307,1692710.7739,0.3267,221.4511,408.0,1.5013
294,1.4937,15.5515,944.2435,6.1695,510714.5559,1.3711,208.2554,457.3333,1.4688
295,1.4782,19.5718,924.9644,9.4633,1840673.4278,1.5755,169.1111,421.0,1.4538
296,1.5221,22.5418,945.4405,8.4682,1108007.0068,1.0717,102.4138,415.0,1.4977
297,1.5138,24.2942,915.5218,6.1256,831440.9541,0.9303,246.78400000000002,378.0,1.4854
299,1.4878,13.9266,913.2833,7.1766,669926.6941,0.2904,207.1131,435.0,1.459
300,1.4926,16.2566,900.2506,8.6851,1704637.5057,1.6131,219.9121,413.0,1.4661
301,1.5206,17.8685,911.8901,5.3613,673475.6329999999,1.0989,142.3838,401.0,1.4945
303,1.5076,10.6017,920.7476,2.5933,951395.6188,0.7251,268.2624,446.0,1.4779
304,1.5466,21.4323,940.9655,6.1357,1096630.9949,0.7689,147.1649,417.0,1.5208
305,1.4511,14.2142,938.9675,3.3241,537120.9399,1.1607,134.76,465.6667,1.4261
307,1.4804,10.4248,921.2861,2.5526,514221.6757,1.3179,97.0352,479.6667,1.4525
310,1.5034,17.0704,946.1979,9.8159,1306623.6288,0.4335,259.7676,443.3333,1.4723
311,1.4551,11.6524,913.7513,8.6204,1770522.3436,1.4757,198.4181,462.0,1.4268
315,1.5473,14.4233,938.9515,5.2506,1070130.5298,1.7594,253.9073,462.6667,1.5153
317,1.489,10.2104,929.9304,8.3187,841312.3598,1.7129,103.1538,481.3333,1.4587
319,1.5385,20.2332,923.7936,3.9991,998696.3958,0.9078,92.8472,418.6667,1.5133
321,1.5443,15.8369,904.1608,4.656000000000001,867534.9398,0.7621,191.6311,404.3333,1.5163
322,1.5396,15.661,905.0175,3.1802,1936386.6539,1.4719,211.7515,410.3333,1.5094
323,1.483,15.2053,941.8355,6.8717,1179955.2959,1.527,259.5882,455.6667,1.4577
326,1.5057,16.7577,935.6038,3.4173,948060.1921,0.3517,264.5121,430.0,1.4753
328,1.4625,23.5712,900.4659,4.9207,1479468.4007,1.5195,282.3494,340.3333,1.4372
329,1.5123,22.0651,940.2429,7.8896,1435870.2041,1.4805,84.62100000000001,411.3333,1.4886
330,1.5488,16.7791,948.1954,2.0481,642913.0403,1.8363,226.9251,427.0,1.5195
332,1.4659,11.8957,922.7018,4.3678,1371216.7319,0.6027,252.5858,462.6667,1.4375
333,1.526,23.9169,912.3492,4.448,1923047.5259999998,1.8980000000000001,88.9436,369.6667,1.4993
334,1.5347,11.87,943.2203,2.4568,812063.3171,0.5298,118.2471,485.6667,1.4993
335,1.4595,23.5415,915.8988,9.266,1564309.7064,0.4367,268.8938,390.6667,1.4336
336,1.4939,17.2566,940.3667,5.8112,1541003.5257,1.7931,163.1643,443.0,1.4684
337,1.5205,12.6269,927.9598,7.0877,1056500.3088,1.9049,239.9551,465.6667,1.4896
339,1.4825,14.7099,948.9351,4.7521,1116224.3691,0.8270000000000001,145.5391,476.0,1.4561
340,1.5264,10.227,944.8506,8.589,1043860.7253,0.531,296.0698,464.0,1.4899
341,1.4786,10.7816,930.6382,7.8967,1338907.6427,1.2859,223.65400000000002,478.0,1.4505
342,1.5452,17.0816,949.7034,3.0525,1444977.4029,0.6979,131.9817,462.3333,1.5163
343,1.5117,10.4508,911.1509,6.4954,1118265.1851,1.3325,237.5116,462.3333,1.4801
344,1.5495,22.7746,929.1484,9.9527,606806.4767,1.4025,234.6828,398.0,1.5215
345,1.4985,13.3839,946.7392,9.0676,739796.5802,0.7441,129.1968,481.0,1.4681
346,1.4808,13.9906,936.8924,7.5125,1423947.8784,1.0113,181.8386,468.6667,1.4541
348,1.5023,14.359000000000002,929.4463,5.5271,1529571.0509,1.8323,107.1553,462.6667,1.4756
349,1.4879,15.6259,942.6324,3.9874,1758069.1718,1.064,127.4566,463.6667,1.4603
350,1.455,15.5213,922.0155,6.2874,1951055.7673,0.8651,219.0959,430.3333,1.4294
352,1.5156,10.967,931.5513,9.4114,844115.5945,0.3476,101.4276,486.0,1.4792
353,1.5311,13.105,918.6868,7.7685,1466650.1417,1.9714,82.2274,464.0,1.5007
355,1.4569999999999999,17.8501,935.4502,8.4385,1163941.5037,1.7163,215.3001,423.3333,1.4333
356,1.5232,11.7108,929.0893,8.8873,1964584.8419,1.1508,212.1874,477.3333,1.4893
357,1.4757,20.682,901.6273,2.2,1878336.0588,0.2638,136.5526,372.3333,1.4492
358,1.4546,16.6695,925.0707,8.0814,1086568.3704,0.7384,266.6218,414.6667,1.4287
360,1.4569,14.7652,942.4379,4.8336,1989335.5343,0.6906,134.9989,468.6667,1.431
361,1.521,14.3872,929.3422,9.1508,1826063.4358,1.2159,96.006,463.6667,1.4915
362,1.4714,11.9128,902.6029,2.1817,1303082.6523,0.2354,175.18599999999998,447.6667,1.4437
363,1.5452,10.3159,922.4501,3.1921,1273561.8461,1.4888,102.5419,478.0,1.5107
366,1.5431,19.7797,901.7510000000001,4.2427,1335845.0348,1.724,134.2952,384.3333,1.5169
367,1.4727,23.1656,932.1997,5.7918,1145135.6903,1.796,96.7113,402.6667,1.4479
368,1.4973,22.1257,909.5508,5.1668,1821783.4973,0.2618,81.0599,378.6667,1.4674
369,1.5465,14.124,911.9974,3.5306,1715109.8961,1.4414,242.4225,436.3333,1.5146
370,1.5047,22.6277,921.0426,3.8544,1916950.5117,1.1263,164.5563,391.0,1.4792
371,1.5425,11.5646,906.2306,3.6352,897525.4017,1.8934,243.6341,451.6667,1.5111
372,1.4578,22.3616,904.7747,4.4795,1015654.9716,0.6832,233.1389,359.0,1.4346
373,1.486,15.4612,938.6544,5.9224,1776955.4999,0.2448,163.8216,459.6667,1.4567
374,1.5032,14.3758,919.3781,4.9123,628165.5875,1.8969,129.9066,446.0,1.4805
375,1.534,15.8154,911.2186,4.2558,1495992.5095,0.9916,292.7247,401.6667,1.5019999999999998
376,1.4846,19.0726,922.4818,9.8238,534587.8535,1.3016,126.1676,421.0,1.4596
377,1.4504,15.3836,902.0110000000001,4.6272,1504464.4351,1.6182,137.7112,408.0,1.429
378,1.5335,20.4424,907.9076,7.9924,1705659.4075,1.4242,261.0227,385.0,1.5042
379,1.4723,22.9069,948.2477,4.9523,1259610.1044,1.1664,278.4496,433.6667,1.4476
381,1.4585,22.8637,914.3471,4.6717,1166539.5596,1.15,105.1647,379.3333,1.4336
382,1.5216,12.8951,939.306,4.5612,1331567.2767,1.1366,114.8997,481.6667,1.4906
383,1.4612,12.3047,904.936,3.2169,823517.5402,0.4998,204.0326,444.6667,1.4362
385,1.4632,13.3378,944.3341,3.3957,1993987.1257,1.2057,158.1071,479.3333,1.4329
389,1.5146,10.3008,908.6985,3.7581,1173250.251,1.3146,97.8675,476.6667,1.4811
391,1.4793,10.5111,917.5516,3.767,503008.8309,1.6137,140.9277,474.3333,1.4508
393,1.5206,20.3444,909.3969,8.8014,1592227.7351,1.9238,254.5553,389.0,1.4932
395,1.4917,13.6517,926.8964,7.0078,1314120.4057,1.2128,91.7285,465.0,1.4629
396,1.5381,23.7524,920.2236,7.343999999999999,1876362.3466,1.0759,161.5025,382.3333,1.5114
397,1.4675,17.3021,919.4926,6.4631,1587135.3923,0.1644,165.0398,410.6667,1.4411
398,1.4932,13.005999999999998,922.0611,8.7091,1409492.4389,0.5549,96.5353,465.0,1.4603
399,1.5215,16.2308,915.1635,8.004,577877.3312,1.453,171.3497,415.6667,1.4945
401,1.5412,22.2505,931.8024,6.4139,632281.0401,1.1426,216.2695,407.3333,1.5130000000000001
402,1.5412,18.1308,942.2714,3.8629,1932297.14,0.8489,185.0785,437.6667,1.5107
403,1.5222,16.3798,932.6289999999999,2.9927,910780.8785,0.7721,117.527,445.3333,1.4967
404,1.5196,20.6205,927.0455,9.2017,1672418.0825,1.7075,182.7066,417.0,1.4941
405,1.5199,23.1488,928.6569,7.7365,689608.4755,0.8315,118.8325,397.0,1.4948
406,1.4966,23.0148,949.8091,7.9129,1485464.6244,1.1963,252.5245,437.6667,1.4694
407,1.4688,13.5383,918.7708,4.68,1350684.6937,1.4111,274.8807,439.3333,1.443
408,1.4876,18.574,929.2943,3.3213,1993303.561,1.2533,290.6837,399.0,1.4606
409,1.5279,24.2671,946.5742,5.2222,922015.3551,0.3412,224.0965,438.3333,1.5
410,1.5487,17.9183,921.6275,3.4424,1471098.5735,1.6506,175.5956,411.3333,1.5195
411,1.4626,18.0282,920.5939,9.7114,1158707.2055,0.4111,196.3187,402.0,1.4382
412,1.4567,17.2056,933.05,9.8397,540610.7516,0.7805,129.2263,428.6667,1.4329
413,1.5031,24.7014,922.8823,8.261000000000001,1854727.4098,1.5404,238.2068,401.3333,1.4769
415,1.4769,17.1712,945.9474,7.4354,1030135.1682,0.6425,199.7246,447.6667,1.4521
417,1.4536,16.1668,900.1727,4.5092,1052056.8190000001,1.1278,240.7636,410.0,1.429
418,1.5284,16.7509,924.3745,9.746,1880924.8314,0.9022,278.8417,415.0,1.4971
419,1.5085,24.2337,942.2202,6.1072,1249685.0996,1.3446,235.3344,409.6667,1.484
420,1.5494,21.9424,933.35,2.5153,894322.2176,1.4194,181.2027,414.0,1.5228
421,1.4701,21.629,941.5110000000001,5.0411,1782495.1964,0.5768,286.3344,421.3333,1.4453
422,1.4697,19.5388,948.9935,2.0961,800184.5686,0.1359,183.4512,423.3333,1.4453
423,1.4964,16.586,916.9003,7.7274,1320596.9437,1.3287,210.1176,414.3333,1.4704
424,1.5306,10.2555,945.5428,5.7525,1285424.64,1.4912,114.4307,486.3333,1.4948
425,1.4575,12.5085,945.4888,5.7842,1509528.1940000001,0.6478,248.6188,477.6667,1.429
427,1.505,18.2045,945.7905,2.9395,1455462.5282,1.6156,151.0551,442.3333,1.4798
428,1.5217,20.3084,939.2598,8.5823,1784802.1613,1.5687,82.8606,414.0,1.4951
429,1.4636,22.8196,916.3652,6.8149,1822780.6285,0.2255,217.1983,377.3333,1.4375
430,1.4713,12.2301,909.4358,4.0959,1093127.8712,1.1462,273.548,440.6667,1.4434
431,1.4665,21.316999999999997,906.5189999999999,8.7582,1204866.5209,1.76,130.6996,377.3333,1.444
433,1.5418,21.5836,947.8674,6.751,1392189.1025,0.5187,111.6953,424.3333,1.5143
434,1.4722,17.3878,930.9696,8.4089,772999.7458,1.8632,155.02,426.3333,1.4505
435,1.5254,21.8822,915.7001,5.7269,567692.4312,0.3236,208.4849,386.3333,1.4967
436,1.5348,22.837,939.6309,8.2711,950675.7469,1.3926,230.2637,411.3333,1.5078
437,1.4952,15.6851,946.1386,9.5509,888250.574,1.6281,124.5507,467.0,1.4697
438,1.4517,17.4855,941.0952,3.2423,571365.1749,0.233,100.7905,438.6667,1.4245
440,1.4802,21.9688,938.1655,2.6767,1379745.2769,0.1973,150.3952,409.0,1.4551
441,1.5099,20.11,908.6266,6.4452,865580.0454,0.3212,110.9498,393.3333,1.4834
443,1.4752,13.4804,916.2205,8.1085,666700.322,1.0069,292.20599999999996,425.3333,1.4492
444,1.48,15.1759,942.9368,2.6579,1730463.0837,1.7355,147.0666,466.6667,1.4544
445,1.5156,10.8941,938.0714,5.312,1500595.6382,1.4053,95.1759,488.6667,1.4814
446,1.4542,20.6669,910.3969,3.0827,1598099.2782,0.5379999999999999,180.3638,388.3333,1.431
447,1.496,17.6024,945.5959,9.0468,1526523.701,1.2283,180.4027,445.6667,1.4691
448,1.479,19.3586,920.1522,9.5597,1407619.3447,0.5281,288.0568,407.0,1.4515
450,1.4719,14.5138,937.3926,6.7768,1361069.1572,1.704,212.6224,462.3333,1.4463
451,1.5012,22.9544,904.7106,7.16,611917.4459,0.5058,86.5725,358.3333,1.4753
452,1.4661,13.3052,932.2987,8.1614,767602.3713,0.5888,83.3011,470.0,1.4385
453,1.4522,17.5905,921.7582,4.4077,1885814.5349,0.927,90.8094,411.6667,1.4255
454,1.5111,15.2156,934.2167,8.3758,525565.7971,0.2403,217.4962,448.6667,1.4785
455,1.4685,19.647000000000002,927.2784,5.7226,855064.7594,1.8673,132.764,423.0,1.4463
456,1.4695,10.6964,941.2454,7.4181,1779597.4487,0.102,278.0871,470.0,1.4336
457,1.5219,20.6979,945.2423,4.4785,1232254.1002,1.6517,222.3366,412.3333,1.4964
459,1.4974,22.3167,913.8443,2.1464,1517356.8864,1.6627,285.5862,393.3333,1.4723
461,1.4845,18.2705,928.967,3.5860000000000003,611167.9416,0.2692,214.0329,407.0,1.4561
462,1.4579,14.6566,949.3846,9.4554,792832.4911,1.5103,128.0919,475.6667,1.4323
463,1.5113,11.8318,914.0991,6.5119,1724518.211,0.635,80.6618,468.6667,1.4775
464,1.5145,10.3601,903.2063,9.7034,1122512.8329,1.47,216.6128,461.0,1.485
465,1.5053,14.6642,948.9995,8.967,1341134.8132,1.2415,145.7662,477.6667,1.4772
466,1.5071,19.0892,948.3543,7.7473,835297.5314,0.8297,138.8165,435.3333,1.4831
467,1.5392,12.1503,907.072,6.0746,1180947.2706,0.3906,139.9013,458.6667,1.5033
468,1.5041,14.8734,930.0728,2.4009,1490883.7455,0.985,195.1053,452.6667,1.4772
469,1.4631,11.1986,947.2488,4.2242,1155102.3967,0.7346,280.0059,469.3333,1.4349
470,1.5185,14.0923,948.4253,4.556,1958878.7166,1.7218,233.3173,475.6667,1.4880000000000002
472,1.4582,20.8306,934.3656,6.5673,1566595.5157,1.379,205.3685,420.0,1.4355
473,1.5499,17.2729,926.1192,4.3401,1739234.1344,0.2745,162.0846,427.6667,1.5143
476,1.5242,11.7386,911.4994,3.5437,1526071.9695,0.8189,288.694,436.6667,1.4935
477,1.4509999999999998,14.1984,915.9582,2.8605,762972.3012,0.1476,299.10200000000003,410.3333,1.4232
478,1.538,22.1893,905.2514,8.4823,1257354.1256,1.6851,80.4412,370.3333,1.5124
479,1.4861,24.1023,926.0545,5.7627,1103264.6379,1.4587,257.3955,380.3333,1.4622
480,1.4977,13.9379,936.4034,6.9110000000000005,582931.0368,0.5218,168.4094,466.6667,1.4697
481,1.4705,10.7839,943.7935,7.5765,1667271.3492,0.9401,264.3192,475.3333,1.4411
482,1.4588,13.2674,912.2752,2.6596,1264686.7146,1.2734,148.4626,448.6667,1.4346
485,1.5096,11.367,921.095,8.5029,975447.9586,1.5885,287.0154,442.0,1.4772
486,1.5044,11.3127,918.5577,5.9522,1520053.0034,0.3975,83.8023,476.0,1.4681
487,1.5286,11.0942,908.4858,2.4161,839588.8819,1.1048,216.8927,452.6667,1.4967
488,1.5165,18.351,935.916,9.7596,1386364.0007,1.0515,289.8555,410.6667,1.4867
492,1.5413,18.5283,902.7005,2.377,705008.4181,1.9656,217.2769,387.6667,1.5146
493,1.5081,16.4824,905.7196,7.0955,1550028.6403,0.9627,200.00799999999998,400.3333,1.4811
494,1.4914,23.0422,940.4034,7.5535,1381517.606,0.3642,127.2522,428.6667,1.4655
496,1.5349,21.3435,946.2594,4.4395,1222873.2117,0.8946,149.5134,421.3333,1.5081
497,1.4628,23.9615,916.6919,9.038,580841.9306,1.8516,115.8559,395.3333,1.4395
500,1.5231,11.5922,902.9533,5.3721,1989814.2574,1.3031,244.5995,448.6667,1.4906
501,1.5225,10.585999999999999,949.8634,7.6564,719651.4907,1.1784,292.9428,455.0,1.4889
502,1.4806,17.6418,937.0587,5.8228,553400.1975,1.1904,271.1156,413.6667,1.4551
504,1.5116,12.755999999999998,935.3803,9.7901,603711.3924,1.9772,131.4546,476.0,1.4824
506,1.5182,15.2627,942.2794,5.5981,1577599.8412,0.7248,266.2381,455.6667,1.4876
507,1.4753,12.4179,920.5052,4.5198,753991.3217,1.9942,105.5208,465.6667,1.4479
508,1.5265,10.689,943.0639,8.9117,832837.0056,1.2252,95.7665,477.0,1.4919
509,1.5109,14.0642,910.5444,3.7423,1282606.7465,0.8772,281.5833,421.3333,1.4798
510,1.5329,17.7729,939.4068,4.9568,1403894.1793,0.6852,83.9858,442.3333,1.501
511,1.4887,21.9017,902.8580000000001,5.3941,664614.5555,0.8913,259.2593,357.3333,1.4639
512,1.4871,11.9267,907.1758,3.5955,1062637.1299,0.9497,172.9643,456.0,1.4567
514,1.4736,24.4447,928.898,2.1284,1551585.9903,0.8618,215.7307,381.6667,1.4508
516,1.5337,15.9078,917.4022,2.4886,1511301.0748,0.6242,116.2993,431.6667,1.5065
517,1.5095,11.9911,904.8884,9.2388,1378288.7642,0.8107,167.3468,454.6667,1.4811
518,1.5289,24.4662,921.5901,5.3363,1853661.4394,0.9556,111.9097,399.0,1.4987
519,1.5094,14.5828,940.737,9.8092,746072.0829,1.2549,158.7743,467.6667,1.4831
521,1.4597,12.9551,918.5406,3.8426,1895741.9430000002,1.0604,289.5932,440.6667,1.43
522,1.5263,15.4618,907.7745,9.0056,1317493.5166,1.1014,159.2127,420.0,1.4977
523,1.5314,16.5623,917.6635,3.2197,777662.5996,0.4708,140.3683,419.3333,1.5039
524,1.4951,16.7081,926.3675,4.0432,1602459.2888,1.955,127.8101,432.6667,1.4701
525,1.4722,16.0858,934.5122,3.4732,609394.5279,1.3652,145.3322,443.3333,1.4502
526,1.5296,21.4771,905.6037,6.6061,1388282.4507,0.4949,175.3905,374.3333,1.5016
527,1.5188,19.1937,924.0875,3.173,620470.7285,1.0815,247.4342,400.3333,1.4935
529,1.4702,14.5288,917.7425,6.5179,1113077.5444,1.003,93.9323,444.6667,1.4443
533,1.5271,23.3731,907.6098,7.7765,1908412.9388,0.3453,271.5594,358.0,1.4967
537,1.4853,12.2052,905.3476,2.2727,1738015.9792,1.2375,107.8835,454.0,1.4564
538,1.4797,13.8587,942.7475,7.4322,1200854.4185,0.9702,173.8825,475.0,1.4535
539,1.4802,10.1654,942.7017,5.4582,667501.0285,0.8352,153.2121,476.0,1.4489
540,1.5454,18.5886,925.2973,3.1271,970941.2458,0.4268,137.5754,410.3333,1.5133
541,1.4648,20.1271,929.8484,5.1456,735971.7645,1.8878,260.6265,412.6667,1.4427
542,1.5118,24.3543,946.2924,8.4563,1851162.8397,0.1381,268.4583,421.3333,1.4811
543,1.5374,18.5482,912.7410000000001,4.5453,1640118.9008,0.8165,236.9169,412.3333,1.5068
544,1.5301,10.7534,937.1721,9.0549,1998300.5005,1.2109999999999999,258.8205,471.3333,1.4954
545,1.5491,14.2899,945.1911,2.3287,1061012.0308,0.8867,234.0082,464.3333,1.516
546,1.4819,13.0595,907.7269,8.5081,817730.5237,0.3941,200.0818,441.6667,1.4544
547,1.4748,14.9649,928.5772,9.6393,1974464.0609,1.8097,87.3885,454.3333,1.4463
549,1.5031,11.2219,929.7448,3.1357,1961695.5734,1.9505,129.7176,484.6667,1.4717
550,1.4529,23.1336,922.4028,2.7084,1969194.0709,0.5596,249.8281,384.3333,1.4287
551,1.5203,13.3104,940.5246,8.1646,1171120.8922,0.727,193.5789,477.0,1.4909
555,1.5362,10.1792,904.4452,8.1935,1019376.8996,1.0308,106.1601,474.6667,1.5023
556,1.5062,13.7698,929.7944,6.527,1324949.847,1.0082,164.1783,465.6667,1.4788
557,1.5448,12.7985,901.2225,8.9455,909489.7871,1.3996,116.0603,445.3333,1.5124
559,1.5129,19.4828,903.6546,9.0136,683942.6104,1.5934,237.9788,382.0,1.4854
560,1.4749,23.1552,933.1319,4.0673,1762350.3433,0.1966,187.93200000000002,400.6667,1.4479
561,1.5143,11.1099,903.9098,6.8234,1832254.6681,1.8559999999999999,207.9643,459.3333,1.484
563,1.5457,13.417,923.1268,4.7036,1215260.0022,1.7967,194.5063,462.0,1.515
564,1.4911,16.4688,910.3162,2.3601,1728140.4654,0.4636,181.4826,406.6667,1.4645
565,1.4892,12.0193,904.2614,9.4239,1644753.1155,1.2789,115.4744,454.6667,1.459
566,1.4732,22.0468,919.8196,3.01,821946.1781,1.1212,182.9631,390.3333,1.4502
567,1.4912,10.0383,927.4405,2.6964,1628535.3314,0.1704,151.937,479.6667,1.4518
568,1.546,24.0271,936.7139,8.0657,1220068.7914,0.1315,190.1402,402.3333,1.5137
570,1.5364,24.7445,926.4205,8.3988,1383448.0574,0.5031,279.5148,393.6667,1.5075
571,1.5285,16.7192,916.0495,8.5396,521017.7137,0.8125,104.7877,416.3333,1.5029
572,1.5353,21.0777,947.6472,6.202999999999999,1162682.4503,0.7190000000000001,96.2451,419.3333,1.5094
573,1.4557,15.2352,919.7555,9.1307,1505977.8394,0.1888,226.1912,430.6667,1.4271
574,1.4805,24.9148,940.0647,6.5448,1059438.7718,1.2775,134.0073,397.6667,1.4580000000000002
576,1.501,17.3828,918.2544,2.16,794298.9206,1.6297,176.6093,407.6667,1.4792
577,1.4938,14.0421,944.6555,5.4108,848673.694,1.2322,199.4532,474.0,1.4681
580,1.5384,17.677,949.5991,9.2703,1630724.3,1.7262,139.3782,456.0,1.5111
581,1.4593,13.3544,900.0683,9.296,869474.1065,1.6092,102.0152,431.3333,1.4342
582,1.4809,10.9095,942.8724,4.6961,1209766.09,0.7898,247.206,478.0,1.4515
584,1.5204,12.3233,947.1459,2.3846,1869759.5252,1.1185,274.64,465.3333,1.4867
585,1.5104,20.3805,910.7783,5.0061,1050649.2167,0.3744,227.1812,390.3333,1.4831
587,1.4644,12.2909,906.6010000000001,8.8223,1365323.0869,0.4463,294.7239,430.6667,1.4349
588,1.4945,21.6365,937.6057,3.6509,796263.6536,1.4011,239.0924,425.0,1.4707
590,1.4729,11.3383,943.3436,7.8082,619699.0965,0.6116,99.4775,486.0,1.4408
592,1.5092,15.4453,932.5119,2.3188,859835.7320000001,1.9088,181.6961,450.6667,1.4857
593,1.5394,24.7287,920.6735,5.617999999999999,1906830.6344,0.3794,170.6616,394.6667,1.5098
594,1.4729,22.7229,942.4807,6.0158,1830274.6603,1.7462,121.5229,426.3333,1.4499
595,1.5366,14.3034,921.5005,8.5442,1413233.5959,1.8904,100.1908,455.6667,1.5078
596,1.4524,19.113,912.5294,7.0701,724223.9768,0.7746,174.9616,403.0,1.4303
598,1.528,22.7424,924.7810000000001,9.9777,760351.6482,1.7104,213.5497,391.0,1.501
600,1.4679,14.604000000000001,918.0536,5.1777,557056.7861,0.9411,168.6865,436.3333,1.4443
601,1.5419,16.7328,917.6085,2.7899,748237.9985,0.7040000000000001,127.0114,418.3333,1.5156
602,1.4708,18.6867,906.1401,7.3684,694178.6616,1.7798,80.881,400.0,1.4482
603,1.5111,19.7348,927.0006,7.3921,1625457.0573,1.8191,214.1729,422.0,1.4857
604,1.5101,21.2455,943.6912,3.9717,736246.1009,1.8033,282.0433,428.3333,1.4837
606,1.4827,15.7822,901.9081,6.1781,1176916.8467,1.6006,161.6858,403.6667,1.4583
607,1.4681,13.2307,919.7089,4.9444,1651898.27,0.38799999999999996,129.6155,459.0,1.4368
608,1.5168,17.1848,907.9772,4.8003,1733500.4417,0.8132,168.0086,413.6667,1.4893
609,1.5361,21.7429,949.9818,8.0555,1127373.45,0.765,194.5246,429.0,1.5085
610,1.4838,10.8401,917.802,6.1562,522527.9618,1.5916,178.262,471.0,1.4528
611,1.4832,14.9349,934.7023,7.6487,1346252.1333,1.1635,123.2428,460.6667,1.4557
612,1.4601,18.2806,930.2443,2.6265,1088053.4733,1.2475,123.7555,416.3333,1.4375
615,1.4869999999999999,22.0202,913.8967,3.3989,1685233.3062,1.7011,91.2698,386.3333,1.4629
616,1.544,11.6958,934.8301,8.6508,586538.6196,1.8186,194.8551,479.0,1.5127
617,1.4684,19.7042,946.4123,2.1137,1996679.9934,0.3859,239.2123,415.3333,1.4421
619,1.5028,15.2723,918.9818,9.8616,530071.6233,1.406,132.5231,435.3333,1.4788
620,1.4856,24.6547,906.301,7.6675,1849352.1652,0.7365,289.7707,368.0,1.459
621,1.5169,17.3246,940.1701,9.1339,1066316.1244,0.266,113.2495,445.0,1.4886
623,1.5442,16.533,925.9578,8.3878,1468939.8302,0.7108,285.9785,418.3333,1.5111
624,1.4881,16.6421,912.5464,3.8296,1026539.1135,1.2968,287.267,393.3333,1.4616
625,1.4564,16.6011,946.1307,4.1272,1802845.3434,1.1794,154.19799999999998,455.6667,1.4326
627,1.4604,10.4926,908.1986,5.2487,883053.4699,0.3131,284.4816,436.0,1.4303
628,1.4777,18.8033,931.0594,9.4048,1798332.2201,1.4091,224.5347,408.0,1.4521
629,1.4527,18.3438,900.45,6.5773,1535472.7169,0.4856,179.6178,391.0,1.4277
630,1.4704,12.4034,925.6465,7.4117,1289133.9129,1.8415,277.76,456.6667,1.4417
631,1.4615,16.0061,916.8001,2.2081,1293372.2487,0.1019,265.1663,406.0,1.4339
632,1.4803,17.0553,911.0078,9.3699,678099.0407,0.7390000000000001,225.6376,390.3333,1.4557
634,1.4953,10.2638,916.95,6.1841,1747247.586,1.3955,264.0296,458.0,1.4635
635,1.5298,17.0372,935.1599,7.4955,1751093.649,0.7937,177.6293,440.6667,1.5016
636,1.4947,17.1163,915.2949,4.2066,1742665.3309,0.44299999999999995,150.6155,409.3333,1.4678
637,1.4725,15.2957,916.3993,9.6073,1937379.0959,1.9295,290.087,414.3333,1.4443
639,1.5088,23.4113,945.8953,5.7117,560744.1182,0.5479999999999999,269.7889,417.3333,1.4834
640,1.5233,12.987,933.6007,7.1196,1395486.4165,1.4366,157.4502,475.6667,1.4938
641,1.4756,20.7703,944.1646,2.8586,1511019.1066,1.8001,241.878,419.3333,1.4518
643,1.4516,19.5086,947.9056,7.5985,1633069.6319,1.9749,276.2251,417.0,1.4277
644,1.5007,11.1542,923.3365,5.0229,552503.7454,0.2296,128.326,476.6667,1.4622
645,1.5481,12.4594,948.8466,8.0331,842659.2456,0.3391,228.4742,478.0,1.5101
646,1.5013,18.7331,924.0147,5.8429,1538109.0469,1.2205,220.4666,400.3333,1.4746
647,1.466,22.3764,927.3206,5.483,602196.927,0.6394,296.9398,390.0,1.443
648,1.5302,21.5988,936.2037,4.1456,1139080.9025,1.2038,143.3177,422.3333,1.5046
649,1.4865,24.9961,919.2529,5.642,1161115.1304,0.4927,224.7595,398.3333,1.4606
651,1.474,23.1014,901.8099,9.4879,1120253.1628,1.9009,86.3809,353.3333,1.4515
652,1.5199,14.265999999999998,934.4688,8.3421,1067354.1226,0.1595,109.8321,468.3333,1.484
653,1.4553,16.3248,921.2289,5.5907,1311074.9929,0.1082,160.092,424.6667,1.4268
654,1.5445,11.1391,917.3045,7.0521,749025.573,1.3502,102.9273,471.3333,1.5078
656,1.4777,14.8933,940.5011,5.9015,1453560.1468,1.8297,110.3722,467.3333,1.4521
657,1.5189,19.4048,948.0282,8.9745,1643021.2689,1.9677,90.5649,436.3333,1.4932
658,1.4968,13.7938,934.6023,8.4445,1556090.7321,1.1989,143.9484,470.0,1.4661
659,1.5262,22.3277,924.3389,6.8327,1075376.9558,0.1494,222.1779,395.6667,1.4951
660,1.5371,16.8147,946.7454,7.4644,608121.0993,1.5343,162.961,455.3333,1.5104
661,1.4955,24.2043,900.7008,4.2933,1104224.7554,0.5402,250.9404,337.0,1.4694
662,1.5242,11.8155,946.0384,6.9592,1287269.7363,0.5196,219.56400000000002,482.6667,1.4919
663,1.4895,12.7291,908.3942,3.3469,1978093.4589,0.2503,105.1511,453.0,1.4515
664,1.4923,11.0331,931.3257,2.6862,1634478.9171,1.2213,170.864,484.0,1.4587
665,1.4593,18.4699,947.8223,9.1429,961987.7901,0.3696,235.5898,431.0,1.4336
666,1.4918,18.1021,932.9519,7.935,1734996.1253,1.5634,151.2743,424.3333,1.4665
667,1.5357,21.7635,927.6284,7.2864,957419.8821,1.0208,205.8957,408.6667,1.5085
668,1.4874,11.4186,937.1593,8.4257,1118748.3896,0.2086,281.8797,463.0,1.4531
670,1.4896,21.4826,929.6997,5.5356,1637817.9367,0.4557,194.1556,411.0,1.4635
671,1.5043,11.2385,918.7273,4.3279,1447908.7471,1.8873,279.3175,450.6667,1.473
676,1.4602,18.0927,915.0664,5.0888,1929400.6969,1.0493,185.6213,410.6667,1.4355
677,1.4741,23.0786,934.6533,3.3849,574789.1466,1.733,135.1868,403.3333,1.4508
679,1.5071,16.511,910.8369,6.7214,1245299.6973,1.5607,229.1668,403.0,1.4788
680,1.5481,21.6824,910.7224,6.0948,785445.6029,0.8012,224.9775,377.0,1.5189
681,1.5368,19.8975,915.5492,3.7103,837311.5997,1.9029,223.2788,402.3333,1.5098
682,1.4817,22.8524,921.1136,9.3175,1661289.4293,1.2643,169.8558,387.3333,1.4569999999999999
684,1.4673,22.1682,935.9826,2.0241,1070368.9157,0.1877,214.8934,410.6667,1.4411
685,1.4666,13.5768,914.0499,4.648,1941164.9375,0.898,87.9429,450.0,1.4382
686,1.5422,10.6355,901.8004,3.6828,1148756.3212,0.2129,91.2374,468.0,1.4961
687,1.4647,10.8005,903.2491,2.2332,1047920.9727,1.2647,234.8484,446.6667,1.4408
688,1.4759,18.9894,941.9034,4.9830000000000005,1826994.4101,0.3823,106.3089,427.0,1.4502
689,1.4664,15.9517,915.857,3.0719,701528.5061,0.9479,218.3362,412.3333,1.4437
691,1.4974,15.1152,906.3367,2.2803,658332.0627,0.7221,260.9067,386.3333,1.4694
692,1.5405,13.3921,919.8713,7.7927,1745845.3149,0.8991,83.5552,463.6667,1.5068
693,1.4909,21.7312,908.1549,8.3108,675839.0403,0.6374,213.2381,371.6667,1.4658
694,1.4555,13.6012,929.2422,7.6059,598253.0681,0.5920000000000001,188.1577,458.6667,1.431
697,1.5273,23.8295,905.8371,7.5522,1272844.2264,1.3252,293.6134,350.6667,1.5016
698,1.5035,20.496,944.7265,4.9683,895842.6884,0.2999,233.6664,412.0,1.4762
699,1.4571,18.4106,921.6688,2.7205,1028031.1148,0.1612,256.9348,394.6667,1.43
700,1.4621,20.2091,912.2315,7.325,1981948.3663,0.2788,123.6035,397.3333,1.4362
701,1.4932,22.2198,943.7355,5.8609,1337479.4739,0.3957,298.3016,430.0,1.4668
702,1.5117,20.561,904.0823,5.2173,1005665.9519,1.4325,285.1207,373.6667,1.4847
703,1.4731,20.929000000000002,901.6713,4.4895,635045.7628,1.3297,123.3144,369.0,1.4502
705,1.4653,14.619000000000002,924.4297,3.5669,891437.0995,0.8965,162.3318,448.6667,1.4421
706,1.5003,24.8965,940.6094,6.6716,576283.2553,0.423,172.0503,395.6667,1.4743
708,1.4814,12.4376,907.9531,4.8723,1772153.7229,1.6858,109.6859,454.6667,1.4521
710,1.5126,22.49,905.1323,9.9279,1243056.8371,0.7955,155.4623,365.3333,1.4876
711,1.4824,18.6473,918.2012,8.5545,1857471.2055,0.5709,243.8206,416.0,1.4538
712,1.4835,11.6552,925.0175,8.7937,1008711.587,1.9469,139.7284,476.0,1.4544
714,1.4521,12.7074,910.0162,8.2082,1658400.6664,0.4918,100.9886,452.0,1.4229
715,1.541,10.458,938.8127,5.4969,1396978.7817,1.0041,86.9274,472.0,1.5003
716,1.4591,23.8739,913.9927,5.3404,1281276.7441,0.1076,251.3037,394.3333,1.4329
717,1.462,11.168,939.447,3.7560000000000002,874929.4433,1.7998,298.46,454.0,1.4346
718,1.4904,10.8725,929.9928,2.7524,1459298.1012,0.9607,166.4799,483.3333,1.4593
719,1.4611,23.8077,943.5259,8.9185,1941362.3651,1.8433,128.2186,413.3333,1.4378
720,1.4901,24.5041,947.4929,5.4422,1143237.9923,0.2951,288.1099,431.3333,1.4642
722,1.544,20.8775,910.8853,9.5782,1844423.4606,1.4187,173.3004,391.0,1.5153
723,1.5157,23.9334,930.3219,8.1223,1178245.8629,0.7859999999999999,201.7746,391.3333,1.4909
724,1.5330000000000001,14.3336,946.8843,4.1839,901986.2738,1.5419999999999998,151.029,478.6667,1.5068
725,1.4746,20.846,927.9874,4.8806,1610725.8596,0.165,267.3978,409.6667,1.446
726,1.5309,21.6996,935.3547,6.4052,728398.1590000001,1.0421,243.2724,412.0,1.5039
728,1.4884,24.0519,930.7466,4.2318,782998.0029,0.4663,219.799,386.6667,1.4622
729,1.5247,14.3947,923.9709,6.6412,1131883.8973,0.7879,282.9433,437.3333,1.4928
731,1.4787,14.2574,934.2022,4.3919,662528.5099,0.401,108.4135,463.0,1.4502
732,1.5251,19.6745,903.9269,6.0269,1910469.7728,1.8094,244.8017,385.0,1.4964
733,1.5084,19.8999,923.8917,8.7357,651614.5891,1.0906,291.1824,403.0,1.4824
734,1.5147,10.1936,900.9525,5.1113,937822.4147,0.1913,245.9945,449.6667,1.4792
735,1.5159,23.6188,927.2309,9.177,816770.7757,0.2882,281.0549,388.6667,1.4857
736,1.5322,23.2105,909.7410000000001,6.0082,1344569.1922,0.5936,133.6594,368.3333,1.5042
737,1.4902,20.4244,939.9205,4.6828,1978982.0052,0.43799999999999994,232.9112,411.3333,1.4629
738,1.526,22.4089,942.0684,5.8677,1698760.205,1.5730000000000002,250.4888,415.6667,1.4980000000000002
739,1.4615,22.8046,932.1443,3.8815,1368422.8221,0.3199,252.9771,399.3333,1.4372
740,1.5324,14.3184,901.3634,9.5349,1858714.4589,0.3319,90.9569,428.0,1.4980000000000002
741,1.4812,12.3433,932.2475,5.0548,1920714.466,0.4746,161.4131,476.6667,1.4512
742,1.5049,23.264,902.5534,8.2241,509018.5957,1.0159,233.4448,345.0,1.4792
743,1.5049,20.9743,900.2528,6.0379,850520.3261,1.2503,87.7086,368.3333,1.4801
745,1.4809999999999999,14.4915,938.1537,3.0161,1243458.3294,0.9274,179.2816,466.6667,1.4554
746,1.4894,17.412,903.0618,6.9763,865843.7439,1.4224,286.2944,400.0,1.4622
747,1.5475,14.507,925.8294,4.4227,1094949.3458,1.3158,229.8272,451.0,1.516
748,1.5246,15.6411,926.7664,5.2096,1533587.2606,0.5251,148.8183,446.6667,1.4954
749,1.4682,21.355999999999998,937.217,5.8846,988916.7337,1.7432,176.821,416.3333,1.446
750,1.4907,14.2743,922.1577,4.1559,1053562.0736,1.162,232.4612,445.0,1.4652
753,1.4828,14.4394,944.4168,5.0938,1394508.6538,0.3496,197.0792,471.6667,1.4538
754,1.4608,21.8147,945.0546,9.1117,523081.6269,1.3883,119.6633,415.0,1.4398
755,1.5338,14.8,909.1223,5.629,662249.4448,1.0542,221.3656,419.0,1.5042
756,1.5019999999999998,23.3172,945.69,5.3814,1532094.754,1.3119,182.5185,428.3333,1.4759
757,1.5343,15.8515,937.4719,4.9354,1241171.7245,1.8795,113.7693,459.6667,1.5088
758,1.5195,20.3956,928.8765,6.4563,1218405.3868,0.1761,152.5986,422.0,1.4909
759,1.4680000000000002,16.8854,908.8589,3.5773,1867930.3675,0.8241,104.2492,403.0,1.4411
761,1.5234,18.9625,919.6013,2.4241,1923642.2235,1.6821,103.302,402.0,1.4987
762,1.4694,11.3938,941.405,3.7223,1924784.8624,1.1829,243.4918,479.0,1.4408
763,1.5342,24.5648,918.1488,3.6567,615656.6132,1.8724,109.5448,397.0,1.5049
764,1.5062,19.3886,919.1395,9.9457,1363049.5762,0.8427,167.4658,416.0,1.4805
765,1.5017,24.6095,909.7866,9.302,1601101.2628,1.9448,237.1513,384.6667,1.4746
766,1.5435,16.8562,916.7313,8.0242,1856479.1802,1.0575,271.4006,405.0,1.5107
767,1.5433,14.239,929.6472,8.2524,1787251.6379,0.28,229.6044,458.3333,1.5055
768,1.5269,13.6874,908.332,3.0477,1767197.0393,1.0928,154.5807,443.6667,1.4987
769,1.5094,23.54,925.895,2.2605,1090741.4753,1.4664,294.9413,400.6667,1.4844
771,1.5219999999999998,18.6036,923.4851,5.6431,1697071.565,0.3597,115.2528,407.3333,1.4915
772,1.5297,13.1279,945.9918,8.2164,703712.4794,1.757,174.0939,481.6667,1.4997
773,1.4919,18.669,902.2334,5.9839,1891926.7688,1.6026,104.4596,396.0,1.4674
775,1.5,14.7938,903.7566,6.4515,1193340.3019,1.9598,248.562,412.3333,1.4756
776,1.5019999999999998,16.526,927.8343,7.9616,922855.7744,1.6799,183.2654,432.6667,1.4775
777,1.4548,20.0764,927.6632,3.3569,734643.9287,0.706,167.0997,416.6667,1.4326
778,1.4672,19.0599,930.4271,6.2516,1098304.8175,0.41600000000000004,198.9391,405.0,1.4421
779,1.5201,19.8125,938.9052,6.9917,1419131.9338,1.0686,130.4211,416.6667,1.4935
780,1.5463,22.0265,923.4155,5.6961,1016962.6461,0.9659,254.5226,397.3333,1.5199
782,1.4743,23.23,923.6904,3.5162,1557100.3375,1.025,130.1346,389.6667,1.4515
784,1.5459,20.0351,917.1001,9.6871,1080639.1045,1.9143,142.0817,410.3333,1.5182
785,1.5004,14.6794,915.1995,2.4261,1835856.9829,1.5798,261.263,423.6667,1.4736
786,1.5401,17.7141,937.4502,9.7199,617058.4003,0.8259,156.3464,433.0,1.514
787,1.4902,14.0302,902.4095,8.9828,956162.7894,1.5787,255.3476,416.3333,1.4648
788,1.5167,22.8887,916.4496,2.2241,1468441.7077,0.9759,204.7944,383.0,1.4922
789,1.4616,14.1184,906.9044,3.3351,1690766.6302,0.5826,208.813,427.6667,1.4336
791,1.5039,15.04,915.4407,9.6952,1426503.9766,0.4819,218.0132,430.6667,1.4727
792,1.4656,20.0614,940.1143,4.3515,689252.5395,0.7708,143.6164,411.0,1.443
793,1.4839,12.2844,907.23,5.8349,1300942.4361,0.6237,295.8093,430.3333,1.4544
794,1.4934,23.1178,942.4222,2.3317,1649577.4925,0.8507,231.8161,429.3333,1.4681
795,1.5025,16.8409,909.9639999999999,4.4639,829781.7373,0.1247,262.1451,391.3333,1.4707
797,1.4987,10.4808,929.0447,5.5691,1641762.1121,1.3569,209.1411,481.0,1.4629
798,1.4566,17.372,932.3483,2.784,1529053.9611,0.605,262.8957,416.0,1.4303
799,1.4737,22.7463,920.6505,5.0615,1004566.3689,0.67,231.0556,383.6667,1.4502
800,1.5209,15.3694,920.3463,2.7017,1617466.0665,0.5521,144.637,439.6667,1.4925
801,1.5377,13.9435,900.0387,6.4277,691888.1667,0.1457,290.7853,400.3333,1.5029
803,1.5239,19.6625,925.2227,6.7589,1788514.4635,1.1583,111.3105,419.0,1.4987
805,1.5328,23.1947,940.8629,6.2635,1124140.8417,0.613,253.0312,421.6667,1.5062
806,1.4536,12.155999999999999,942.5659,8.6939,1483995.3618,1.4862,147.7333,484.0,1.4258
807,1.4586,17.9784,921.9425,6.895,1661876.7818,0.7289,273.3377,395.6667,1.4313
808,1.4844,13.9598,936.3559,7.0853,918268.4908,1.9528,246.2144,460.6667,1.4577
809,1.452,16.4474,921.7917,8.882,1545608.5852,1.3882,155.9368,423.6667,1.4261
810,1.4525,11.6797,912.0395,6.382000000000001,904302.8119,1.9943,245.6897,453.0,1.4281
812,1.4869999999999999,10.1502,948.5236,5.4004,1785950.2923,1.6647,93.67299999999999,483.3333,1.4544
814,1.5490000000000002,18.6204,932.7493,5.3522,536049.9322,1.1316,228.9448,408.6667,1.5215
815,1.5148,17.5476,940.8139,9.3405,1620136.0865,1.5063,157.7772,443.0,1.4893
818,1.4886,13.1452,925.086,4.5958,940869.7796,1.7335,213.035,461.3333,1.4629
819,1.506,13.7399,916.8047,6.0471,1038595.0544,0.9377,275.3329,436.0,1.4749
820,1.4868,20.5451,900.3482,8.6031,764378.2179,1.1466,221.2053,365.0,1.4616
822,1.4956,23.6336,921.2074,3.9514,1708453.6923,0.8718,197.2453,380.3333,1.4714
823,1.4843,21.6548,919.1755,7.6891,715264.0607,1.5826,153.7311,394.0,1.4606
824,1.4526,16.4859,914.9688,2.9241,1369897.3863,1.065,293.1665,395.3333,1.4281
825,1.5474,12.1938,901.5859,2.9661,1607318.7502,1.7624,154.6134,451.6667,1.514
826,1.5069,15.0934,907.1413,5.2795,900474.5205,1.621,187.1929,419.3333,1.4801
828,1.4984,15.9869,928.7381,2.6122,1064100.7306,1.2758,102.2837,445.0,1.4736
830,1.4544,19.4404,926.5014,5.7678,1569647.9592,0.7803,276.8784,415.0,1.4297
832,1.5002,13.1918,909.0416,8.5708,1435049.8759,0.2098,125.3384,449.3333,1.4671
835,1.4869,22.3477,913.0478,3.9329,1795318.9567,1.7677,201.8749,378.6667,1.4616
836,1.54,17.9593,935.9001,2.9618,1986926.8254,0.7606,121.3123,434.6667,1.5124
837,1.4511,24.0688,908.6183,2.5261,693591.1485,0.4218,118.1277,388.3333,1.4277
838,1.5288,11.4481,937.2875,3.7276,1233434.9074,0.2228,249.62099999999998,473.0,1.4919
839,1.499,19.9693,913.3177,9.1614,880000.0833,1.1898,140.7532,402.0,1.4746
840,1.4599,10.0596,926.4402,6.2407,1276944.6635,0.4324,209.3368,479.6667,1.4281
841,1.5326,15.0679,904.3860000000001,3.8236,1607487.1898,1.5213,146.1362,421.0,1.5042
843,1.4866,19.1527,936.8076,4.9984,874565.1827,0.8374,275.8455,403.0,1.4619
845,1.4609,11.7289,939.9061,2.6235,972454.2843,0.7917,235.9721,475.0,1.4326
846,1.4502,24.7597,944.5455,2.888,644310.3713,1.6611,106.5936,404.3333,1.4294
848,1.4771,24.8711,914.8889999999999,2.8335,1168719.6143,1.0325,218.3647,407.6667,1.4528
850,1.4546,21.553,916.55,7.4495,1815429.4891,1.5997,189.3509,390.6667,1.432
851,1.4574,15.8974,923.5609,5.0691,1491700.0614,0.6946,153.7007,433.0,1.4326
852,1.4998,15.1602,908.9062,3.8942,1414939.4629,0.9174,299.5597,402.6667,1.4697
853,1.5103,21.1271,902.0035,7.336,1185333.0283,1.6673,88.3818,371.6667,1.486
854,1.4774,10.105,939.8566,6.4781,885337.9726,1.9333,205.1909,469.0,1.4473
856,1.4841,22.8024,948.148,2.0866,1142340.3692,0.4894,249.1872,430.6667,1.4606
857,1.5107,13.3575,930.6433,4.6324,787933.6325,0.1272,227.514,462.0,1.4756
860,1.5377,24.3098,912.1408,2.4732,949055.0916,1.6063,223.4335,382.0,1.5119999999999998
861,1.4761,21.5587,948.5486,5.1929,979377.8681,0.516,196.1196,427.6667,1.4525
862,1.4922,21.8334,922.8047,7.9707,711683.0263,0.9153,112.9079,400.0,1.4691
863,1.5267,15.9257,912.2927,8.3628,976939.0986,0.3192,163.3833,419.3333,1.4954
866,1.5305,12.5276,935.4748,8.8289,1236415.3464,1.7523,267.2974,465.3333,1.4974
867,1.5079,15.2425,918.6184,5.132999999999999,1678532.8788,1.5862,128.9586,440.3333,1.4824
868,1.4818,13.5834,911.4637,9.0303,1811533.9819999998,0.742,223.872,439.6667,1.4538
871,1.4605,18.1852,937.663,5.9670000000000005,528574.2982,1.3361,256.1601,412.0,1.4359
874,1.5462,23.6916,930.1439999999999,6.6356,1078350.2123,0.1399,291.41900000000004,392.0,1.5143
875,1.5190000000000001,10.0198,942.7978,3.6859,1453942.9704,1.5673,108.7798,481.0,1.4844
876,1.5287,14.4194,922.2165,4.7213,1667814.0132,0.4019,299.1177,431.0,1.4922
877,1.4797,23.068,935.6404,5.1288,1297600.3799,0.5574,133.0931,407.0,1.4561
879,1.5222,10.8569,905.7083,6.3411,1224929.0246,1.0455,95.4078,469.0,1.4893
880,1.5272,14.8748,941.6310000000001,2.8778,1252370.5781,0.5389,230.7006,464.0,1.4948
882,1.5465,12.3806,901.4122,2.5125,1911239.8467,1.9577,258.1135,431.3333,1.5146
883,1.5015,15.9362,925.811,7.6966,1971370.5099,0.8448,209.9405,436.3333,1.474
884,1.5439,23.7924,937.8017,2.2963,774237.2502,1.6963,140.4953,405.3333,1.5186
887,1.482,23.391,948.6626,2.0042,1112204.9014,1.0195,103.5439,436.0,1.4580000000000002
888,1.4717,13.1334,931.4053,5.3282,1310356.0303,1.4547,292.5886,451.3333,1.443
889,1.5022,12.3563,901.3534,2.7452,640564.0588,1.5479,269.4185,410.0,1.4746
890,1.4507,17.2403,922.2717,8.0164,1604232.4989,1.86,250.0796,407.0,1.4271
891,1.4811,23.5601,903.1508,2.1122,1622354.1999,0.48700000000000004,161.1695,350.0,1.4557
892,1.5083,15.1302,935.7539999999999,9.6276,1023517.2052,0.6695,177.9336,459.6667,1.4814
893,1.4579,10.6767,911.7998,3.6442,1960389.7484,1.2593,112.4431,472.0,1.4287
895,1.4858,24.8456,910.207,3.8857,591909.7128,1.3426,82.0143,380.0,1.4616
896,1.5483,20.088,921.5578,7.7807,1866128.8852,1.2932,265.0384,410.0,1.5199
897,1.5378,24.5793,928.7959,7.7412,1198077.5536,1.9183,186.9245,386.3333,1.5114
899,1.4658,13.0513,949.5495,2.3085,934995.905,1.7392,91.566,484.0,1.4395
900,1.5346,22.6707,910.3754,7.9818,828191.8492,1.7052,203.1875,370.6667,1.5072
901,1.4514,24.8195,916.0108,8.3346,1237313.5861,1.6419,227.2454,383.6667,1.4294
902,1.4785,20.649,917.6008,3.2914,876922.7373,0.6985,211.6127,398.3333,1.4548
903,1.4816,18.2902,928.7109,9.1913,1276299.6564,0.7759,229.2749,410.0,1.4567
904,1.5090000000000001,23.6686,943.0826,3.2978,1571943.6346,1.5499,100.0435,422.3333,1.4854
905,1.5299,21.3614,925.4364,2.0561,959867.8736,1.1564,252.0903,413.0,1.5055
908,1.5078,22.1847,911.5491,4.1912,1677030.2818,1.3825,99.7068,381.6667,1.4834
909,1.5290000000000001,18.4413,919.1048,3.407,1478988.602,0.6871,160.3745,401.0,1.5003
910,1.5251,14.187999999999999,933.4502,2.5054,1045979.8047,0.8812,122.3327,467.6667,1.4951
911,1.5423,19.3271,925.7358,8.2977,769630.0346,0.7164,277.14799999999997,413.0,1.5119999999999998
912,1.5332,21.8103,923.7645,3.4321,1795847.9061,1.5463,125.06299999999999,406.6667,1.5081
913,1.5249,13.5277,934.3529,9.2134,942405.9559999999,0.5238,280.1798,456.6667,1.4919
914,1.5449,20.0501,924.7699,2.7288,1463402.803,1.8438,266.7566,413.0,1.5166
915,1.5293,14.8168,921.4523,2.7601,1774822.2915,0.5644,92.7672,450.0,1.5007
916,1.4979,20.7786,944.447,6.9273,1789507.273,1.9675,118.5719,416.6667,1.4749
917,1.4668,23.6892,927.0949,7.6588,1554111.5185,0.46399999999999997,83.5214,391.0,1.4404
918,1.4977,19.6292,931.8555,4.3655,871281.7315,0.2059,251.8313,396.6667,1.4691
919,1.4532,20.965999999999998,941.0223,9.3749,1204034.9286,1.4491,262.6232,427.0,1.4307
920,1.5119999999999998,15.4151,901.1001,3.8757,1305943.5772,1.6592,257.9325,398.0,1.4834
921,1.4739,12.4681,930.4487,8.3545,1534728.8524,1.5282,260.10400000000004,464.3333,1.4443
922,1.5011,23.7722,912.8929,9.5344,1278741.6601,1.0666,181.97299999999998,382.0,1.4753
923,1.4738,10.3754,933.633,9.683,1881530.3659,0.255,184.60299999999998,484.3333,1.4355
925,1.46,12.5778,928.2755,6.903,1202212.9677,1.0746,249.3422,463.0,1.4316
926,1.525,15.082,908.054,9.4185,1292623.1819,0.47200000000000003,291.6307,407.0,1.4935
927,1.4645,18.8334,923.0674,2.2888,1151421.1973,0.5463,176.1666,414.6667,1.4417
929,1.5001,16.9575,949.6834,5.5764,1521167.1772,0.7841,135.6718,460.0,1.4736
930,1.5051,22.21,904.5092,9.4797,1442145.6274,0.7019,87.1273,367.6667,1.4795
931,1.4635,23.7073,912.5984,5.0807,1568170.6114,1.4282,174.4425,389.0,1.4404
932,1.4624,13.6639,904.2054,5.8806,1686655.043,0.2381,289.1986,414.6667,1.4316
933,1.5065,15.6563,948.2966,9.5915,1422830.1871,1.9999,179.8558,469.0,1.4785
934,1.5130000000000001,22.1397,924.2539999999999,7.8755,1656547.8591,0.8075,238.5397,397.3333,1.4847
935,1.4861,19.2544,931.1485,5.3173,548057.2481,1.4952,293.3875,421.3333,1.4596
937,1.493,21.2673,947.0785,4.7441,790808.9235,0.9840000000000001,158.5543,426.6667,1.4684
938,1.4621,10.9205,919.9617,8.3835,742622.6974,1.4589,179.4224,473.3333,1.4346
939,1.5444,19.3446,910.4945,3.4279,1943218.5372,0.4479,140.17600000000002,406.0,1.5143
941,1.5497,12.681,917.8132,2.1853,1810179.1807,1.6339,107.4625,466.6667,1.5182
942,1.4528,10.1066,923.1706,4.9915,1707476.9001,0.4974,185.4363,480.6667,1.4209
944,1.4602,12.0844,913.0265,8.8454,1147598.3555,1.2663,84.9799,462.0,1.4316
945,1.4829,19.7944,914.4455,3.1692,1058094.3595,0.598,291.9166,402.0,1.4583
946,1.4766,22.1053,947.0075,6.31,1515529.4024,1.5827,104.5808,423.0,1.4531
947,1.5067,23.8155,907.0163,5.9155,714960.0031,0.3151,168.1592,354.3333,1.4788
948,1.5183,15.1452,919.6560000000001,9.3504,744456.6266,0.4588,279.8505,419.3333,1.4880000000000002
950,1.5106,17.9479,907.8293,7.0559,1999347.0589,1.9288,117.8666,414.0,1.486
951,1.4607,20.5907,903.7067,6.0316,1972003.7802,1.2076,264.2494,372.3333,1.4359
953,1.4676,18.3705,910.7954,4.3114,1938317.8186,1.3858,81.4294,413.0,1.4434
954,1.4891,12.6668,944.9935,2.349,722134.8732,0.4056,266.3241,433.0,1.4596
955,1.4831,16.2719,948.7993,6.2538,1251112.8978,0.1149,215.4984,459.6667,1.4538
956,1.4734,17.1434,903.4466,9.2255,801732.0032,1.1035,192.1612,408.0,1.4502
957,1.5334,14.7459,909.8951,5.9767,1757543.2009,0.6607,159.6542,433.6667,1.5049
959,1.4565,22.3043,946.4677,6.9834,1092460.4875,1.9411,275.6905,434.3333,1.4333
960,1.535,18.9207,937.7566,5.7068,756967.0259,1.4948,147.7436,422.0,1.5085
961,1.5149,18.9985,931.4968,4.4314,660972.5652,1.943,206.1647,405.3333,1.4906
962,1.4991,23.3143,931.0071,6.3351,1745139.5816,0.609,228.0633,397.6667,1.4733
963,1.5369,21.5241,933.7863,4.3486,1381755.5239,0.9798,224.4415,417.0,1.5101
964,1.5016,18.88,910.4452,9.7757,1229186.6427,0.7545,101.8448,409.0,1.4769
965,1.5283,10.015,912.3994,8.1446,1072704.8043,0.6377,81.1104,482.3333,1.4909
966,1.5143,22.459,924.4948,4.4309,1646264.7369,0.4837,143.0374,398.3333,1.4873
967,1.4969,12.545,910.0441,3.4824,504509.4574,0.5845,94.936,453.6667,1.4668
968,1.5496,19.2099,935.8424,3.0911,720746.9637,0.8546,122.8793,417.0,1.5225
970,1.5154,24.9272,941.7564,6.807,908846.0525,1.639,244.3601,395.6667,1.4889
971,1.5389,12.2698,941.3301,3.8523,1133258.5644,0.8754,235.3479,478.0,1.5039
973,1.476,21.2766,925.3726,5.9606,857210.0257,1.4737,186.75599999999997,406.6667,1.4528
975,1.4629,16.3504,924.5932,9.2556,836015.5378,1.4568,257.0163,418.6667,1.4404
976,1.5202,21.7191,946.602,8.4974,1405847.3739,1.0784,184.4937,426.6667,1.4941
977,1.4768,12.8339,941.1538,4.0158,741254.4835,1.7716,258.4484,468.6667,1.4525
978,1.4880000000000002,19.6899,936.2653,6.8592,1340505.9093,0.5347,190.7483,409.6667,1.4626
979,1.4799,22.9854,924.6289,7.357,1010980.805,1.9829,150.1754,391.3333,1.4567
981,1.5075,24.1292,947.9496,7.0236,1768504.2015,0.8069,206.8365,436.3333,1.4818
982,1.4703,13.1702,932.3994,5.2402,1130159.6316,1.9121,271.835,457.6667,1.4434
983,1.5089,18.7141,902.6548,8.7311,1876776.0431,0.6579999999999999,148.9635,396.0,1.4821
984,1.4779,17.4618,928.2052,6.2771,1451398.1184,0.8394,273.2705,410.6667,1.4502
985,1.5426,11.1864,944.0077,5.6686,1547044.1071,0.9806,213.7369,481.6667,1.5075
986,1.5325,22.5196,947.5929,8.4337,1614609.6221,1.9224,166.2489,419.3333,1.5075
987,1.5151,19.778,947.3648,6.2939,1888864.0590000001,1.8346,297.7089,412.3333,1.4857
988,1.5098,19.9449,904.6022,4.3757,1041582.5602,0.2179,176.2832,385.3333,1.4788
990,1.4561,19.6156,916.2492,7.3149,1375757.6472,0.2853,239.532,404.0,1.43
991,1.5479,17.2259,937.1013,9.5494,1983476.6282,0.4188,171.0985,443.6667,1.5124
992,1.5446,11.6142,926.1817,2.9839,1413635.8116,1.7413,138.2701,480.6667,1.5107
993,1.5478,17.2918,941.4307,5.0122,1914433.7701,0.8679,198.9224,445.6667,1.5186
994,1.4954,16.6112,917.2324,6.7033,924410.9071,1.2894,219.2719,412.0,1.4707
995,1.4518,22.5087,939.7126,9.3198,1187596.2172,1.4306,210.2797,429.3333,1.43
996,1.527,17.327,936.9381,7.5211,1917394.1013,1.0408,158.8479,440.6667,1.5
997,1.4999,13.085,923.2973,9.8479,1430245.1602,0.8683,246.5608,456.6667,1.4678
998,1.5086,18.23,940.7083,2.8098,1762102.9767,1.6895,216.3812,430.3333,1.4824
